


{
    "aku takut": "/data/data/com.termux/files/usr/tmp/linepy-1542965453-0.bin",
    "bang jono": "/data/data/com.termux/files/usr/tmp/linepy-1542964504-6.bin",
    "dealova": "/data/data/com.termux/files/usr/tmp/linepy-1542965654-7.bin",
    "digidam": "",
    "goyang dumang": "/data/data/com.termux/files/usr/tmp/linepy-1542964975-1.bin",
    "jaran goyang": "/data/data/com.termux/files/usr/tmp/linepy-1542943191-8.bin",
    "jarang goyang": "",
    "juragan empang": "/data/data/com.termux/files/usr/tmp/linepy-1542965132-1.bin",
    "kawin lagi": "/data/data/com.termux/files/usr/tmp/linepy-1542943047-0.bin",
    "perawan atau janda": "/data/data/com.termux/files/usr/tmp/linepy-1542964750-3.bin",
    "sayang": "/data/data/com.termux/files/usr/tmp/linepy-1542964580-5.bin",
    "sesakit sakitnya": "/data/data/com.termux/files/usr/tmp/linepy-1542965284-9.bin",
    "tumhiho": "/data/data/com.termux/files/usr/tmp/linepy-1542943442-0.bin"
}
